generation,individual_id,iteration,benchmark,strategy,fitness_dir,optimized_fitness,source_format,source_path,buggy,agreement,liveness,commits,agreement_violations,real_liveness,potential_liveness,max_height,mutations,max_inter_block_latency_sec,avg_inter_block_latency_sec,global_blocks_committed,max_round_gap_between_committed_blocks,avg_round_gap_between_committed_blocks,global_rounds_committed,max_block_height_skew,final_block_height_skew,time_fitness,round_stress_fitness,block_height_skew_fitness
,,0,aptos-b3-c0d1,byzzfuzz,,,dstest,dstest/output/aptos-b3-c0d1/20260614_182515/aptos-b3-c0d1_byzzfuzz_0,False,False,False,4,0,0,0,10.0,0,15.090197,7.278780444444444,10,3,1.625,8,2,0,15.090197,3,2
,,1,aptos-b3-c0d1,byzzfuzz,,,dstest,dstest/output/aptos-b3-c0d1/20260614_182515/aptos-b3-c0d1_byzzfuzz_1,False,False,False,2,0,0,0,10.0,0,14.052214,7.6175718888888895,10,3,1.3333333333333333,9,2,0,14.052214,3,2
,,2,aptos-b3-c0d1,byzzfuzz,,,dstest,dstest/output/aptos-b3-c0d1/20260614_182515/aptos-b3-c0d1_byzzfuzz_2,False,False,False,4,0,0,0,10.0,0,14.134855,8.524045111111112,10,3,1.3333333333333333,9,2,0,14.134855,3,2
,,3,aptos-b3-c0d1,byzzfuzz,,,dstest,dstest/output/aptos-b3-c0d1/20260614_182515/aptos-b3-c0d1_byzzfuzz_3,False,False,False,4,0,0,0,10.0,0,13.086174,8.186961777777778,10,3,1.3333333333333333,9,2,0,13.086174,3,2
,,4,aptos-b3-c0d1,byzzfuzz,,,dstest,dstest/output/aptos-b3-c0d1/20260614_182515/aptos-b3-c0d1_byzzfuzz_4,False,False,False,4,0,0,0,10.0,0,19.131633,9.196700222222223,10,4,1.875,8,2,0,19.131633,4,2
,,5,aptos-b3-c0d1,byzzfuzz,,,dstest,dstest/output/aptos-b3-c0d1/20260614_182515/aptos-b3-c0d1_byzzfuzz_5,False,False,False,4,0,0,0,12.0,0,18.154752,10.439152555555555,10,3,1.3333333333333333,9,3,2,18.154752,3,3
,,6,aptos-b3-c0d1,byzzfuzz,,,dstest,dstest/output/aptos-b3-c0d1/20260614_182515/aptos-b3-c0d1_byzzfuzz_6,False,False,False,2,0,0,0,10.0,0,18.131071,5.8094719999999995,10,3,1.625,8,5,0,18.131071,3,5
,,7,aptos-b3-c0d1,byzzfuzz,,,dstest,dstest/output/aptos-b3-c0d1/20260614_182515/aptos-b3-c0d1_byzzfuzz_7,False,False,False,4,0,0,0,10.0,0,17.383241,11.112164111111111,10,3,1.5555555555555556,9,2,0,17.383241,3,2
,,8,aptos-b3-c0d1,byzzfuzz,,,dstest,dstest/output/aptos-b3-c0d1/20260614_182515/aptos-b3-c0d1_byzzfuzz_8,False,False,False,4,0,0,0,11.0,0,20.03116,9.3702348,11,4,1.6666666666666667,9,2,0,20.03116,4,2
,,9,aptos-b3-c0d1,byzzfuzz,,,dstest,dstest/output/aptos-b3-c0d1/20260614_182515/aptos-b3-c0d1_byzzfuzz_9,False,False,False,4,0,0,0,10.0,0,35.828279,13.620747222222223,10,3,1.5555555555555556,9,2,0,35.828279,3,2
,,10,aptos-b3-c0d1,byzzfuzz,,,dstest,dstest/output/aptos-b3-c0d1/20260614_182515/aptos-b3-c0d1_byzzfuzz_10,False,False,False,2,0,0,0,10.0,0,41.687342,13.031650777777777,10,4,1.6666666666666667,9,2,0,41.687342,4,2
,,11,aptos-b3-c0d1,byzzfuzz,,,dstest,dstest/output/aptos-b3-c0d1/20260614_182515/aptos-b3-c0d1_byzzfuzz_11,False,False,False,2,0,0,0,10.0,0,17.140445,3.592538,10,3,1.625,8,6,0,17.140445,3,6
,,12,aptos-b3-c0d1,byzzfuzz,,,dstest,dstest/output/aptos-b3-c0d1/20260614_182515/aptos-b3-c0d1_byzzfuzz_12,False,False,False,4,0,0,0,10.0,0,28.249968,9.425462444444443,10,6,1.75,8,3,0,28.249968,6,3
,,13,aptos-b3-c0d1,byzzfuzz,,,dstest,dstest/output/aptos-b3-c0d1/20260614_182515/aptos-b3-c0d1_byzzfuzz_13,False,False,False,4,0,0,0,12.0,0,19.180362,7.970495,11,3,1.6666666666666667,9,3,1,19.180362,3,3
,,14,aptos-b3-c0d1,byzzfuzz,,,dstest,dstest/output/aptos-b3-c0d1/20260614_182515/aptos-b3-c0d1_byzzfuzz_14,False,False,False,4,0,0,0,10.0,0,15.150586,10.093165777777777,10,3,1.4444444444444444,9,2,0,15.150586,3,2
,,15,aptos-b3-c0d1,byzzfuzz,,,dstest,dstest/output/aptos-b3-c0d1/20260614_182515/aptos-b3-c0d1_byzzfuzz_15,False,False,False,4,0,0,0,10.0,0,13.128654,8.85702588888889,10,3,1.3333333333333333,9,2,0,13.128654,3,2
,,16,aptos-b3-c0d1,byzzfuzz,,,dstest,dstest/output/aptos-b3-c0d1/20260614_182515/aptos-b3-c0d1_byzzfuzz_16,False,False,False,4,0,0,0,11.0,0,21.273305,10.526616714285714,8,3,1.8333333333333333,6,3,3,21.273305,3,3
,,17,aptos-b3-c0d1,byzzfuzz,,,dstest,dstest/output/aptos-b3-c0d1/20260614_182515/aptos-b3-c0d1_byzzfuzz_17,False,False,False,4,0,0,0,10.0,0,11.101887,7.630890222222222,10,3,1.3333333333333333,9,2,0,11.101887,3,2
,,18,aptos-b3-c0d1,byzzfuzz,,,dstest,dstest/output/aptos-b3-c0d1/20260614_182515/aptos-b3-c0d1_byzzfuzz_18,False,False,False,4,0,0,0,10.0,0,15.094058,9.227543444444445,10,3,1.3333333333333333,9,2,0,15.094058,3,2
,,19,aptos-b3-c0d1,byzzfuzz,,,dstest,dstest/output/aptos-b3-c0d1/20260614_182515/aptos-b3-c0d1_byzzfuzz_19,False,False,False,2,0,0,0,10.0,0,15.086901,8.626798666666666,10,3,1.5555555555555556,9,2,0,15.086901,3,2
,,20,aptos-b3-c0d1,byzzfuzz,,,dstest,dstest/output/aptos-b3-c0d1/20260614_182515/aptos-b3-c0d1_byzzfuzz_20,False,False,False,4,0,0,0,13.0,0,19.328468,12.247066714285713,8,3,1.5714285714285714,7,6,5,19.328468,3,6
,,21,aptos-b3-c0d1,byzzfuzz,,,dstest,dstest/output/aptos-b3-c0d1/20260614_182515/aptos-b3-c0d1_byzzfuzz_21,False,False,False,4,0,0,0,10.0,0,14.093862,8.165134333333334,10,3,1.625,8,2,0,14.093862,3,2
,,22,aptos-b3-c0d1,byzzfuzz,,,dstest,dstest/output/aptos-b3-c0d1/20260614_182515/aptos-b3-c0d1_byzzfuzz_22,False,False,False,4,0,0,0,9.0,0,20.291358,11.600515833333333,7,3,1.4285714285714286,7,2,2,20.291358,3,2
,,23,aptos-b3-c0d1,byzzfuzz,,,dstest,dstest/output/aptos-b3-c0d1/20260614_182515/aptos-b3-c0d1_byzzfuzz_23,False,False,False,4,0,0,0,11.0,0,17.165779,10.317470111111112,10,4,1.4444444444444444,9,2,1,17.165779,4,2
,,24,aptos-b3-c0d1,byzzfuzz,,,dstest,dstest/output/aptos-b3-c0d1/20260614_182515/aptos-b3-c0d1_byzzfuzz_24,False,False,False,2,0,0,0,11.0,0,21.150136,11.100762571428572,8,3,1.8333333333333333,6,5,3,21.150136,3,5
,,25,aptos-b3-c0d1,byzzfuzz,,,dstest,dstest/output/aptos-b3-c0d1/20260614_182515/aptos-b3-c0d1_byzzfuzz_25,False,False,False,2,0,0,0,17.0,0,29.222293,12.769605666666665,7,3,1.5,6,10,10,29.222293,3,10
,,26,aptos-b3-c0d1,byzzfuzz,,,dstest,dstest/output/aptos-b3-c0d1/20260614_182515/aptos-b3-c0d1_byzzfuzz_26,False,False,False,2,0,0,0,11.0,0,17.166425,11.763040444444444,10,2,1.1,10,2,1,17.166425,2,2
,,27,aptos-b3-c0d1,byzzfuzz,,,dstest,dstest/output/aptos-b3-c0d1/20260614_182515/aptos-b3-c0d1_byzzfuzz_27,False,False,False,2,0,0,0,9.0,0,15.104622,10.642206625,9,3,1.2222222222222223,9,1,0,15.104622,3,1
,,28,aptos-b3-c0d1,byzzfuzz,,,dstest,dstest/output/aptos-b3-c0d1/20260614_182515/aptos-b3-c0d1_byzzfuzz_28,False,False,False,2,0,0,0,10.0,0,19.175434,10.106441111111112,10,4,2.142857142857143,7,2,0,19.175434,4,2
,,29,aptos-b3-c0d1,byzzfuzz,,,dstest,dstest/output/aptos-b3-c0d1/20260614_182515/aptos-b3-c0d1_byzzfuzz_29,False,False,False,2,0,0,0,11.0,0,13.095375,9.974793444444446,10,3,1.3333333333333333,9,3,1,13.095375,3,3
,,30,aptos-b3-c0d1,byzzfuzz,,,dstest,dstest/output/aptos-b3-c0d1/20260614_182515/aptos-b3-c0d1_byzzfuzz_30,False,False,False,4,0,0,0,11.0,0,16.106592,8.4723486,11,4,1.6666666666666667,9,2,0,16.106592,4,2
,,31,aptos-b3-c0d1,byzzfuzz,,,dstest,dstest/output/aptos-b3-c0d1/20260614_182515/aptos-b3-c0d1_byzzfuzz_31,False,False,False,2,0,0,0,10.0,0,15.314341,9.974011555555556,10,4,1.5555555555555556,9,2,0,15.314341,4,2
,,32,aptos-b3-c0d1,byzzfuzz,,,dstest,dstest/output/aptos-b3-c0d1/20260614_182515/aptos-b3-c0d1_byzzfuzz_32,False,False,False,4,0,0,0,10.0,0,11.071113,8.526628888888888,10,3,1.4444444444444444,9,2,0,11.071113,3,2
,,33,aptos-b3-c0d1,byzzfuzz,,,dstest,dstest/output/aptos-b3-c0d1/20260614_182515/aptos-b3-c0d1_byzzfuzz_33,False,False,False,4,0,0,0,10.0,0,16.34889,8.870925555555555,10,3,1.875,8,2,0,16.34889,3,2
,,34,aptos-b3-c0d1,byzzfuzz,,,dstest,dstest/output/aptos-b3-c0d1/20260614_182515/aptos-b3-c0d1_byzzfuzz_34,False,False,False,0,0,0,0,2.0,0,30.561469,30.561469,2,2,1.5,2,1,0,30.561469,2,1
,,35,aptos-b3-c0d1,byzzfuzz,,,dstest,dstest/output/aptos-b3-c0d1/20260614_182515/aptos-b3-c0d1_byzzfuzz_35,False,False,False,4,0,0,0,13.0,0,22.212737,12.558508571428572,8,3,1.5714285714285714,7,6,5,22.212737,3,6
,,36,aptos-b3-c0d1,byzzfuzz,,,dstest,dstest/output/aptos-b3-c0d1/20260614_182515/aptos-b3-c0d1_byzzfuzz_36,False,False,False,4,0,0,0,12.0,0,15.23631,10.663384857142857,8,3,1.7142857142857142,7,4,4,15.23631,3,4
,,37,aptos-b3-c0d1,byzzfuzz,,,dstest,dstest/output/aptos-b3-c0d1/20260614_182515/aptos-b3-c0d1_byzzfuzz_37,False,False,False,2,0,0,0,10.0,0,13.103233,8.429241222222222,10,4,1.4444444444444444,9,2,0,13.103233,4,2
,,38,aptos-b3-c0d1,byzzfuzz,,,dstest,dstest/output/aptos-b3-c0d1/20260614_182515/aptos-b3-c0d1_byzzfuzz_38,False,False,False,2,0,0,0,10.0,0,16.143499,8.862459555555555,10,4,1.4444444444444444,9,2,0,16.143499,4,2
,,39,aptos-b3-c0d1,byzzfuzz,,,dstest,dstest/output/aptos-b3-c0d1/20260614_182515/aptos-b3-c0d1_byzzfuzz_39,False,False,False,4,0,0,0,11.0,0,25.20343,11.333692222222222,10,4,2.2857142857142856,7,3,1,25.20343,4,3
,,40,aptos-b3-c0d1,byzzfuzz,,,dstest,dstest/output/aptos-b3-c0d1/20260614_182515/aptos-b3-c0d1_byzzfuzz_40,False,False,False,4,0,0,0,11.0,0,22.196001,9.2956912,11,3,1.4,10,2,0,22.196001,3,2
,,41,aptos-b3-c0d1,byzzfuzz,,,dstest,dstest/output/aptos-b3-c0d1/20260614_182515/aptos-b3-c0d1_byzzfuzz_41,False,False,False,4,0,0,0,13.0,0,24.165309,12.112529857142858,8,3,1.4285714285714286,7,5,5,24.165309,3,5
,,42,aptos-b3-c0d1,byzzfuzz,,,dstest,dstest/output/aptos-b3-c0d1/20260614_182515/aptos-b3-c0d1_byzzfuzz_42,False,False,False,2,0,0,0,10.0,0,14.100911,9.637772222222221,10,4,1.4444444444444444,9,2,0,14.100911,4,2
,,43,aptos-b3-c0d1,byzzfuzz,,,dstest,dstest/output/aptos-b3-c0d1/20260614_182515/aptos-b3-c0d1_byzzfuzz_43,False,False,False,2,0,0,0,11.0,0,37.718865,13.045628333333333,10,3,1.5555555555555556,9,3,1,37.718865,3,3
,,44,aptos-b3-c0d1,byzzfuzz,,,dstest,dstest/output/aptos-b3-c0d1/20260614_182515/aptos-b3-c0d1_byzzfuzz_44,False,False,False,4,0,0,0,10.0,0,19.12139,8.72470388888889,10,3,1.625,8,2,0,19.12139,3,2
,,45,aptos-b3-c0d1,byzzfuzz,,,dstest,dstest/output/aptos-b3-c0d1/20260614_182515/aptos-b3-c0d1_byzzfuzz_45,False,False,False,2,0,0,0,8.0,0,29.22133,11.505156857142856,8,4,1.5714285714285714,7,2,0,29.22133,4,2
,,46,aptos-b3-c0d1,byzzfuzz,,,dstest,dstest/output/aptos-b3-c0d1/20260614_182515/aptos-b3-c0d1_byzzfuzz_46,False,False,False,4,0,0,0,14.0,0,15.075953,11.82478925,9,2,1.1111111111111112,9,5,5,15.075953,2,5
,,47,aptos-b3-c0d1,byzzfuzz,,,dstest,dstest/output/aptos-b3-c0d1/20260614_182515/aptos-b3-c0d1_byzzfuzz_47,False,False,False,4,0,0,0,13.0,0,24.164122,10.424183222222222,10,3,1.3333333333333333,9,4,3,24.164122,3,4
,,48,aptos-b3-c0d1,byzzfuzz,,,dstest,dstest/output/aptos-b3-c0d1/20260614_182515/aptos-b3-c0d1_byzzfuzz_48,False,False,False,2,0,0,0,12.0,0,21.148799,9.526549090909091,12,5,1.7777777777777777,9,3,0,21.148799,5,3
,,49,aptos-b3-c0d1,byzzfuzz,,,dstest,dstest/output/aptos-b3-c0d1/20260614_182515/aptos-b3-c0d1_byzzfuzz_49,False,False,False,0,0,0,0,12.0,0,38.689495,3.5172268181818183,12,3,1.5,10,11,0,38.689495,3,11
,,50,aptos-b3-c0d1,byzzfuzz,,,dstest,dstest/output/aptos-b3-c0d1/20260614_182515/aptos-b3-c0d1_byzzfuzz_50,False,False,False,4,0,0,0,8.0,0,17.269745,10.217384857142857,8,4,1.8571428571428572,7,2,0,17.269745,4,2
,,51,aptos-b3-c0d1,byzzfuzz,,,dstest,dstest/output/aptos-b3-c0d1/20260614_182515/aptos-b3-c0d1_byzzfuzz_51,False,False,False,4,0,0,0,11.0,0,24.172313,10.979004125,9,3,1.375,8,3,2,24.172313,3,3
,,52,aptos-b3-c0d1,byzzfuzz,,,dstest,dstest/output/aptos-b3-c0d1/20260614_182515/aptos-b3-c0d1_byzzfuzz_52,False,False,False,4,0,0,0,12.0,0,24.201489,9.6796272,11,4,1.6666666666666667,9,3,1,24.201489,4,3
,,53,aptos-b3-c0d1,byzzfuzz,,,dstest,dstest/output/aptos-b3-c0d1/20260614_182515/aptos-b3-c0d1_byzzfuzz_53,False,False,False,4,0,0,0,10.0,0,35.553764,13.22989188888889,10,4,1.4444444444444444,9,2,0,35.553764,4,2
,,54,aptos-b3-c0d1,byzzfuzz,,,dstest,dstest/output/aptos-b3-c0d1/20260614_182515/aptos-b3-c0d1_byzzfuzz_54,False,False,False,4,0,0,0,11.0,0,18.097302,9.263669799999999,11,4,1.6666666666666667,9,2,0,18.097302,4,2
,,55,aptos-b3-c0d1,byzzfuzz,,,dstest,dstest/output/aptos-b3-c0d1/20260614_182515/aptos-b3-c0d1_byzzfuzz_55,False,False,False,4,0,0,0,10.0,0,14.982514,9.985111333333332,10,4,1.5555555555555556,9,2,0,14.982514,4,2
,,56,aptos-b3-c0d1,byzzfuzz,,,dstest,dstest/output/aptos-b3-c0d1/20260614_182515/aptos-b3-c0d1_byzzfuzz_56,False,False,False,4,0,0,0,11.0,0,18.123718,8.964271333333334,10,4,1.75,8,2,1,18.123718,4,2
,,57,aptos-b3-c0d1,byzzfuzz,,,dstest,dstest/output/aptos-b3-c0d1/20260614_182515/aptos-b3-c0d1_byzzfuzz_57,False,False,False,2,0,0,0,10.0,0,13.102961,9.302532111111113,10,3,1.3333333333333333,9,2,0,13.102961,3,2
,,58,aptos-b3-c0d1,byzzfuzz,,,dstest,dstest/output/aptos-b3-c0d1/20260614_182515/aptos-b3-c0d1_byzzfuzz_58,False,False,False,2,0,0,0,7.0,0,18.381541,13.146218333333332,7,3,1.4285714285714286,7,1,0,18.381541,3,1
,,59,aptos-b3-c0d1,byzzfuzz,,,dstest,dstest/output/aptos-b3-c0d1/20260614_182515/aptos-b3-c0d1_byzzfuzz_59,False,False,False,2,0,0,0,10.0,0,12.191299,9.307600666666666,10,3,1.3333333333333333,9,2,0,12.191299,3,2
,,60,aptos-b3-c0d1,byzzfuzz,,,dstest,dstest/output/aptos-b3-c0d1/20260614_182515/aptos-b3-c0d1_byzzfuzz_60,False,False,False,4,0,0,0,10.0,0,16.135916,9.64315588888889,10,3,1.3333333333333333,9,2,0,16.135916,3,2
,,61,aptos-b3-c0d1,byzzfuzz,,,dstest,dstest/output/aptos-b3-c0d1/20260614_182515/aptos-b3-c0d1_byzzfuzz_61,False,False,False,4,0,0,0,10.0,0,13.089223,8.732645777777778,10,3,1.4444444444444444,9,2,0,13.089223,3,2
,,62,aptos-b3-c0d1,byzzfuzz,,,dstest,dstest/output/aptos-b3-c0d1/20260614_182515/aptos-b3-c0d1_byzzfuzz_62,False,False,False,4,0,0,0,11.0,0,21.192548,5.336407299999999,11,3,2.0,8,5,0,21.192548,3,5
,,63,aptos-b3-c0d1,byzzfuzz,,,dstest,dstest/output/aptos-b3-c0d1/20260614_182515/aptos-b3-c0d1_byzzfuzz_63,False,False,False,4,0,0,0,11.0,0,13.097193,8.7811496,11,3,1.3,10,2,0,13.097193,3,2
,,64,aptos-b3-c0d1,byzzfuzz,,,dstest,dstest/output/aptos-b3-c0d1/20260614_182515/aptos-b3-c0d1_byzzfuzz_64,False,False,False,2,0,0,0,10.0,0,18.201134,8.95879125,9,3,1.625,8,2,1,18.201134,3,2
,,65,aptos-b3-c0d1,byzzfuzz,,,dstest,dstest/output/aptos-b3-c0d1/20260614_182515/aptos-b3-c0d1_byzzfuzz_65,False,False,False,4,0,0,0,11.0,0,19.107754,8.7649896,11,4,1.6666666666666667,9,2,0,19.107754,4,2
,,66,aptos-b3-c0d1,byzzfuzz,,,dstest,dstest/output/aptos-b3-c0d1/20260614_182515/aptos-b3-c0d1_byzzfuzz_66,False,False,False,2,0,0,0,12.0,0,15.217995,11.928848666666667,7,2,1.2857142857142858,7,5,5,15.217995,2,5
,,67,aptos-b3-c0d1,byzzfuzz,,,dstest,dstest/output/aptos-b3-c0d1/20260614_182515/aptos-b3-c0d1_byzzfuzz_67,False,False,False,2,0,0,0,10.0,0,20.144959,5.349764555555556,10,4,1.875,8,5,0,20.144959,4,5
,,68,aptos-b3-c0d1,byzzfuzz,,,dstest,dstest/output/aptos-b3-c0d1/20260614_182515/aptos-b3-c0d1_byzzfuzz_68,False,False,False,4,0,0,0,12.0,0,19.109723,9.512288333333334,10,3,1.625,8,5,2,19.109723,3,5
,,69,aptos-b3-c0d1,byzzfuzz,,,dstest,dstest/output/aptos-b3-c0d1/20260614_182515/aptos-b3-c0d1_byzzfuzz_69,False,False,False,4,0,0,0,11.0,0,16.141183,8.069943,11,4,1.8888888888888888,9,2,0,16.141183,4,2
,,70,aptos-b3-c0d1,byzzfuzz,,,dstest,dstest/output/aptos-b3-c0d1/20260614_182515/aptos-b3-c0d1_byzzfuzz_70,False,False,False,4,0,0,0,10.0,0,12.081511,8.972810444444443,10,3,1.4444444444444444,9,2,0,12.081511,3,2
,,71,aptos-b3-c0d1,byzzfuzz,,,dstest,dstest/output/aptos-b3-c0d1/20260614_182515/aptos-b3-c0d1_byzzfuzz_71,False,False,False,4,0,0,0,11.0,0,19.138948,8.4742663,11,4,1.6666666666666667,9,2,0,19.138948,4,2
,,72,aptos-b3-c0d1,byzzfuzz,,,dstest,dstest/output/aptos-b3-c0d1/20260614_182515/aptos-b3-c0d1_byzzfuzz_72,False,False,False,4,0,0,0,13.0,0,19.129404,10.151386125,9,4,1.5,8,4,4,19.129404,4,4
,,73,aptos-b3-c0d1,byzzfuzz,,,dstest,dstest/output/aptos-b3-c0d1/20260614_182515/aptos-b3-c0d1_byzzfuzz_73,False,False,False,2,0,0,0,10.0,0,22.138592,4.383852222222222,10,3,1.625,8,7,0,22.138592,3,7
,,74,aptos-b3-c0d1,byzzfuzz,,,dstest,dstest/output/aptos-b3-c0d1/20260614_182515/aptos-b3-c0d1_byzzfuzz_74,False,False,False,4,0,0,0,10.0,0,14.134509,9.287145222222222,10,3,1.3333333333333333,9,2,0,14.134509,3,2
,,75,aptos-b3-c0d1,byzzfuzz,,,dstest,dstest/output/aptos-b3-c0d1/20260614_182515/aptos-b3-c0d1_byzzfuzz_75,False,False,False,2,0,0,0,9.0,0,16.184472,9.961561249999999,9,3,1.375,8,2,0,16.184472,3,2
,,76,aptos-b3-c0d1,byzzfuzz,,,dstest,dstest/output/aptos-b3-c0d1/20260614_182515/aptos-b3-c0d1_byzzfuzz_76,False,False,False,2,0,0,0,8.0,0,18.25119,12.699918714285715,8,3,1.375,8,1,0,18.25119,3,1
,,77,aptos-b3-c0d1,byzzfuzz,,,dstest,dstest/output/aptos-b3-c0d1/20260614_182515/aptos-b3-c0d1_byzzfuzz_77,False,False,False,4,0,0,0,14.0,0,18.112157,9.370440599999998,11,4,1.6666666666666667,9,5,3,18.112157,4,5
,,78,aptos-b3-c0d1,byzzfuzz,,,dstest,dstest/output/aptos-b3-c0d1/20260614_182515/aptos-b3-c0d1_byzzfuzz_78,False,False,False,2,0,0,0,10.0,0,22.1727,8.843501555555555,10,5,1.625,8,3,0,22.1727,5,3
,,79,aptos-b3-c0d1,byzzfuzz,,,dstest,dstest/output/aptos-b3-c0d1/20260614_182515/aptos-b3-c0d1_byzzfuzz_79,False,False,False,2,0,0,0,10.0,0,20.151496,10.084975111111111,10,4,1.6666666666666667,9,2,0,20.151496,4,2
,,80,aptos-b3-c0d1,byzzfuzz,,,dstest,dstest/output/aptos-b3-c0d1/20260614_182515/aptos-b3-c0d1_byzzfuzz_80,False,False,False,2,0,0,0,10.0,0,16.131192,3.3484265555555552,10,3,1.625,8,7,0,16.131192,3,7
,,81,aptos-b3-c0d1,byzzfuzz,,,dstest,dstest/output/aptos-b3-c0d1/20260614_182515/aptos-b3-c0d1_byzzfuzz_81,False,False,False,4,0,0,0,10.0,0,15.258629,8.977997444444444,10,3,1.3333333333333333,9,2,0,15.258629,3,2
,,82,aptos-b3-c0d1,byzzfuzz,,,dstest,dstest/output/aptos-b3-c0d1/20260614_182515/aptos-b3-c0d1_byzzfuzz_82,False,False,False,2,0,0,0,10.0,0,18.27625,9.298982333333335,10,3,1.625,8,2,0,18.27625,3,2
,,83,aptos-b3-c0d1,byzzfuzz,,,dstest,dstest/output/aptos-b3-c0d1/20260614_182515/aptos-b3-c0d1_byzzfuzz_83,False,False,False,4,0,0,0,10.0,0,18.104984,8.73251088888889,10,4,1.5555555555555556,9,2,0,18.104984,4,2
,,84,aptos-b3-c0d1,byzzfuzz,,,dstest,dstest/output/aptos-b3-c0d1/20260614_182515/aptos-b3-c0d1_byzzfuzz_84,False,False,False,2,0,0,0,10.0,0,16.14185,11.604550125,9,2,1.1111111111111112,9,1,1,16.14185,2,1
,,85,aptos-b3-c0d1,byzzfuzz,,,dstest,dstest/output/aptos-b3-c0d1/20260614_182515/aptos-b3-c0d1_byzzfuzz_85,False,False,False,4,0,0,0,10.0,0,39.669418,13.479173222222222,10,4,1.6666666666666667,9,2,0,39.669418,4,2
,,86,aptos-b3-c0d1,byzzfuzz,,,dstest,dstest/output/aptos-b3-c0d1/20260614_182515/aptos-b3-c0d1_byzzfuzz_86,False,False,False,2,0,0,0,11.0,0,15.104453,9.406545333333334,10,3,1.3333333333333333,9,2,1,15.104453,3,2
,,87,aptos-b3-c0d1,byzzfuzz,,,dstest,dstest/output/aptos-b3-c0d1/20260614_182515/aptos-b3-c0d1_byzzfuzz_87,False,False,False,2,0,0,0,10.0,0,17.116189,7.61612211111111,10,3,1.3333333333333333,9,3,0,17.116189,3,3
,,88,aptos-b3-c0d1,byzzfuzz,,,dstest,dstest/output/aptos-b3-c0d1/20260614_182515/aptos-b3-c0d1_byzzfuzz_88,False,False,False,4,0,0,0,10.0,0,16.990188,8.961646333333332,10,3,1.4444444444444444,9,2,0,16.990188,3,2
,,89,aptos-b3-c0d1,byzzfuzz,,,dstest,dstest/output/aptos-b3-c0d1/20260614_182515/aptos-b3-c0d1_byzzfuzz_89,False,False,False,4,0,0,0,11.0,0,20.181493,9.2721886,11,4,1.6666666666666667,9,2,0,20.181493,4,2
,,90,aptos-b3-c0d1,byzzfuzz,,,dstest,dstest/output/aptos-b3-c0d1/20260614_182515/aptos-b3-c0d1_byzzfuzz_90,False,False,False,4,0,0,0,13.0,0,15.108416,9.950206625,9,3,1.5,8,4,4,15.108416,3,4
,,91,aptos-b3-c0d1,byzzfuzz,,,dstest,dstest/output/aptos-b3-c0d1/20260614_182515/aptos-b3-c0d1_byzzfuzz_91,False,False,False,4,0,0,0,11.0,0,13.093293,7.660663099999999,11,3,1.6666666666666667,9,2,0,13.093293,3,2
,,92,aptos-b3-c0d1,byzzfuzz,,,dstest,dstest/output/aptos-b3-c0d1/20260614_182515/aptos-b3-c0d1_byzzfuzz_92,False,False,False,2,0,0,0,11.0,0,17.194336,9.97514377777778,10,3,1.625,8,2,1,17.194336,3,2
,,93,aptos-b3-c0d1,byzzfuzz,,,dstest,dstest/output/aptos-b3-c0d1/20260614_182515/aptos-b3-c0d1_byzzfuzz_93,False,False,False,4,0,0,0,11.0,0,16.126481,9.286942499999999,11,4,1.7777777777777777,9,2,0,16.126481,4,2
,,94,aptos-b3-c0d1,byzzfuzz,,,dstest,dstest/output/aptos-b3-c0d1/20260614_182515/aptos-b3-c0d1_byzzfuzz_94,False,False,False,4,0,0,0,10.0,0,19.16198,8.737338333333334,10,3,1.625,8,2,0,19.16198,3,2
,,95,aptos-b3-c0d1,byzzfuzz,,,dstest,dstest/output/aptos-b3-c0d1/20260614_182515/aptos-b3-c0d1_byzzfuzz_95,False,False,False,4,0,0,0,14.0,0,18.135271,10.744003333333332,10,3,1.3333333333333333,9,4,4,18.135271,3,4
,,96,aptos-b3-c0d1,byzzfuzz,,,dstest,dstest/output/aptos-b3-c0d1/20260614_182515/aptos-b3-c0d1_byzzfuzz_96,False,False,False,4,0,0,0,10.0,0,17.262177,8.861974888888888,10,4,1.75,8,2,0,17.262177,4,2
,,97,aptos-b3-c0d1,byzzfuzz,,,dstest,dstest/output/aptos-b3-c0d1/20260614_182515/aptos-b3-c0d1_byzzfuzz_97,False,False,False,4,0,0,0,10.0,0,33.445725,12.339188444444444,10,4,1.4444444444444444,9,2,0,33.445725,4,2
,,98,aptos-b3-c0d1,byzzfuzz,,,dstest,dstest/output/aptos-b3-c0d1/20260614_182515/aptos-b3-c0d1_byzzfuzz_98,False,False,False,4,0,0,0,10.0,0,21.112475,11.08912875,9,4,1.875,8,2,1,21.112475,4,2
,,99,aptos-b3-c0d1,byzzfuzz,,,dstest,dstest/output/aptos-b3-c0d1/20260614_182515/aptos-b3-c0d1_byzzfuzz_99,False,False,False,4,0,0,0,9.0,0,18.111052,10.985129375,9,4,1.5,8,2,0,18.111052,4,2
,,0,aptos-b3-c1d1,byzzfuzz,,,dstest,dstest/output/aptos-b3-c1d1/20260612_154936/aptos-b3-c1d1_byzzfuzz_0,False,False,False,4,0,0,0,11.0,0,16.114143,8.278688333333333,10,3,1.625,8,3,1,16.114143,3,3
,,1,aptos-b3-c1d1,byzzfuzz,,,dstest,dstest/output/aptos-b3-c1d1/20260612_154936/aptos-b3-c1d1_byzzfuzz_1,False,False,False,4,0,0,0,10.0,4,17.454582,7.423233333333333,10,3,2.0,7,2,0,17.454582,3,2
,,2,aptos-b3-c1d1,byzzfuzz,,,dstest,dstest/output/aptos-b3-c1d1/20260612_154936/aptos-b3-c1d1_byzzfuzz_2,False,False,False,2,0,0,0,10.0,0,16.175979,9.830273,10,4,1.4444444444444444,9,2,0,16.175979,4,2
,,3,aptos-b3-c1d1,byzzfuzz,,,dstest,dstest/output/aptos-b3-c1d1/20260612_154936/aptos-b3-c1d1_byzzfuzz_3,False,False,False,4,0,0,0,16.0,8,50.230242,7.05015375,9,3,1.375,8,7,7,50.230242,3,7
,,4,aptos-b3-c1d1,byzzfuzz,,,dstest,dstest/output/aptos-b3-c1d1/20260612_154936/aptos-b3-c1d1_byzzfuzz_4,False,False,False,2,0,0,0,9.0,22,22.21178,10.05775125,9,4,1.75,8,2,0,22.21178,4,2
,,5,aptos-b3-c1d1,byzzfuzz,,,dstest,dstest/output/aptos-b3-c1d1/20260612_154936/aptos-b3-c1d1_byzzfuzz_5,False,False,False,4,0,0,0,10.0,20,14.097867,7.276013555555555,10,3,1.625,8,2,0,14.097867,3,2
,,6,aptos-b3-c1d1,byzzfuzz,,,dstest,dstest/output/aptos-b3-c1d1/20260612_154936/aptos-b3-c1d1_byzzfuzz_6,False,False,False,2,0,0,0,14.0,9,45.756376,16.303218714285713,8,3,1.7142857142857142,7,6,6,45.756376,3,6
,,7,aptos-b3-c1d1,byzzfuzz,,,dstest,dstest/output/aptos-b3-c1d1/20260612_154936/aptos-b3-c1d1_byzzfuzz_7,False,False,False,4,0,0,0,10.0,14,18.354549,7.749856777777778,10,3,1.875,8,2,0,18.354549,3,2
,,8,aptos-b3-c1d1,byzzfuzz,,,dstest,dstest/output/aptos-b3-c1d1/20260612_154936/aptos-b3-c1d1_byzzfuzz_8,False,False,False,4,0,0,0,11.0,0,17.157342,9.960613777777777,10,4,1.5555555555555556,9,3,1,17.157342,4,3
,,9,aptos-b3-c1d1,byzzfuzz,,,dstest,dstest/output/aptos-b3-c1d1/20260612_154936/aptos-b3-c1d1_byzzfuzz_9,False,False,False,2,0,0,0,9.0,0,17.152506,11.733463125,9,2,1.1111111111111112,9,1,0,17.152506,2,1
,,10,aptos-b3-c1d1,byzzfuzz,,,dstest,dstest/output/aptos-b3-c1d1/20260612_154936/aptos-b3-c1d1_byzzfuzz_10,False,False,False,0,0,0,0,9.0,5,32.520323,14.384389125,9,5,1.625,8,2,0,32.520323,5,2
,,11,aptos-b3-c1d1,byzzfuzz,,,dstest,dstest/output/aptos-b3-c1d1/20260612_154936/aptos-b3-c1d1_byzzfuzz_11,False,False,False,4,0,0,0,11.0,0,36.647883,13.356468333333332,10,4,1.4444444444444444,9,2,1,36.647883,4,2
,,12,aptos-b3-c1d1,byzzfuzz,,,dstest,dstest/output/aptos-b3-c1d1/20260612_154936/aptos-b3-c1d1_byzzfuzz_12,False,False,False,4,0,0,0,11.0,9,37.178419,12.301394222222221,10,3,1.5555555555555556,9,2,1,37.178419,3,2
,,13,aptos-b3-c1d1,byzzfuzz,,,dstest,dstest/output/aptos-b3-c1d1/20260612_154936/aptos-b3-c1d1_byzzfuzz_13,False,False,False,4,0,0,0,13.0,0,17.461954,9.974158444444445,10,3,1.625,8,4,3,17.461954,3,4
,,14,aptos-b3-c1d1,byzzfuzz,,,dstest,dstest/output/aptos-b3-c1d1/20260612_154936/aptos-b3-c1d1_byzzfuzz_14,False,False,False,2,0,0,0,10.0,0,13.103494,9.065344222222222,10,4,1.4444444444444444,9,2,0,13.103494,4,2
,,15,aptos-b3-c1d1,byzzfuzz,,,dstest,dstest/output/aptos-b3-c1d1/20260612_154936/aptos-b3-c1d1_byzzfuzz_15,False,False,False,4,0,0,0,10.0,0,16.140124,9.63273511111111,10,4,1.5555555555555556,9,2,0,16.140124,4,2
,,16,aptos-b3-c1d1,byzzfuzz,,,dstest,dstest/output/aptos-b3-c1d1/20260612_154936/aptos-b3-c1d1_byzzfuzz_16,False,False,False,4,0,0,0,10.0,6,36.671766,10.90608288888889,10,4,1.875,8,2,0,36.671766,4,2
,,17,aptos-b3-c1d1,byzzfuzz,,,dstest,dstest/output/aptos-b3-c1d1/20260612_154936/aptos-b3-c1d1_byzzfuzz_17,False,False,False,4,0,0,0,10.0,0,17.318459,9.765084666666667,10,4,1.5555555555555556,9,2,0,17.318459,4,2
,,18,aptos-b3-c1d1,byzzfuzz,,,dstest,dstest/output/aptos-b3-c1d1/20260612_154936/aptos-b3-c1d1_byzzfuzz_18,False,False,False,2,0,0,0,10.0,29,33.587782,11.864341125,9,4,1.8571428571428572,7,4,1,33.587782,4,4
,,19,aptos-b3-c1d1,byzzfuzz,,,dstest,dstest/output/aptos-b3-c1d1/20260612_154936/aptos-b3-c1d1_byzzfuzz_19,False,False,False,4,0,0,0,13.0,2,24.138838,9.726651666666665,10,3,1.625,8,6,3,24.138838,3,6
,,20,aptos-b3-c1d1,byzzfuzz,,,dstest,dstest/output/aptos-b3-c1d1/20260612_154936/aptos-b3-c1d1_byzzfuzz_20,False,False,False,4,0,0,0,10.0,0,13.099672,7.615732333333333,10,3,1.625,8,2,0,13.099672,3,2
,,21,aptos-b3-c1d1,byzzfuzz,,,dstest,dstest/output/aptos-b3-c1d1/20260612_154936/aptos-b3-c1d1_byzzfuzz_21,False,False,False,4,0,0,0,10.0,0,20.116632,8.618512444444445,10,4,1.5555555555555556,9,3,0,20.116632,4,3
,,22,aptos-b3-c1d1,byzzfuzz,,,dstest,dstest/output/aptos-b3-c1d1/20260612_154936/aptos-b3-c1d1_byzzfuzz_22,False,False,False,4,0,0,0,10.0,0,16.112074,9.518056888888887,10,4,1.4444444444444444,9,2,0,16.112074,4,2
,,23,aptos-b3-c1d1,byzzfuzz,,,dstest,dstest/output/aptos-b3-c1d1/20260612_154936/aptos-b3-c1d1_byzzfuzz_23,False,False,False,4,0,0,0,10.0,30,9.061915,6.377025555555556,10,3,1.625,8,2,0,9.061915,3,2
,,24,aptos-b3-c1d1,byzzfuzz,,,dstest,dstest/output/aptos-b3-c1d1/20260612_154936/aptos-b3-c1d1_byzzfuzz_24,False,False,False,4,0,0,0,11.0,11,20.172023,8.865218,11,4,1.6666666666666667,9,2,0,20.172023,4,2
,,25,aptos-b3-c1d1,byzzfuzz,,,dstest,dstest/output/aptos-b3-c1d1/20260612_154936/aptos-b3-c1d1_byzzfuzz_25,True,False,True,0,0,1,1,1.0,26,129.005048,0.0,1,2,2.0,1,1,0,129.005048,2,1
,,26,aptos-b3-c1d1,byzzfuzz,,,dstest,dstest/output/aptos-b3-c1d1/20260612_154936/aptos-b3-c1d1_byzzfuzz_26,False,False,False,4,0,0,0,10.0,8,16.132881,8.386443333333334,10,4,1.75,8,2,0,16.132881,4,2
,,27,aptos-b3-c1d1,byzzfuzz,,,dstest,dstest/output/aptos-b3-c1d1/20260612_154936/aptos-b3-c1d1_byzzfuzz_27,False,False,False,4,0,0,0,12.0,20,23.155503,9.856660444444445,10,3,1.625,8,4,2,23.155503,3,4
,,28,aptos-b3-c1d1,byzzfuzz,,,dstest,dstest/output/aptos-b3-c1d1/20260612_154936/aptos-b3-c1d1_byzzfuzz_28,False,False,False,2,0,0,0,8.0,11,18.254891,12.589481833333332,7,3,1.4285714285714286,7,1,1,18.254891,3,1
,,29,aptos-b3-c1d1,byzzfuzz,,,dstest,dstest/output/aptos-b3-c1d1/20260612_154936/aptos-b3-c1d1_byzzfuzz_29,False,False,False,2,0,0,0,10.0,7,30.591253,10.769361111111111,10,5,2.0,8,2,0,30.591253,5,2
,,30,aptos-b3-c1d1,byzzfuzz,,,dstest,dstest/output/aptos-b3-c1d1/20260612_154936/aptos-b3-c1d1_byzzfuzz_30,False,False,False,4,0,0,0,10.0,0,36.655506,11.221580333333334,10,3,1.625,8,2,0,36.655506,3,2
,,31,aptos-b3-c1d1,byzzfuzz,,,dstest,dstest/output/aptos-b3-c1d1/20260612_154936/aptos-b3-c1d1_byzzfuzz_31,False,False,False,2,0,0,0,11.0,12,14.087712,7.4622424999999994,11,3,1.5555555555555556,9,2,0,14.087712,3,2
,,32,aptos-b3-c1d1,byzzfuzz,,,dstest,dstest/output/aptos-b3-c1d1/20260612_154936/aptos-b3-c1d1_byzzfuzz_32,False,False,False,4,0,0,0,10.0,0,36.692992,11.799934555555556,10,4,1.6666666666666667,9,2,0,36.692992,4,2
,,33,aptos-b3-c1d1,byzzfuzz,,,dstest,dstest/output/aptos-b3-c1d1/20260612_154936/aptos-b3-c1d1_byzzfuzz_33,False,False,False,0,0,0,0,10.0,14,30.538962,8.074386,10,3,1.3333333333333333,9,6,0,30.538962,3,6
,,34,aptos-b3-c1d1,byzzfuzz,,,dstest,dstest/output/aptos-b3-c1d1/20260612_154936/aptos-b3-c1d1_byzzfuzz_34,False,False,False,2,0,0,0,10.0,12,41.796437,8.785361444444444,10,5,2.0,7,3,0,41.796437,5,3
,,35,aptos-b3-c1d1,byzzfuzz,,,dstest,dstest/output/aptos-b3-c1d1/20260612_154936/aptos-b3-c1d1_byzzfuzz_35,False,False,False,4,0,0,0,12.0,0,17.133639,9.641164333333332,10,3,1.3333333333333333,9,4,2,17.133639,3,4
,,36,aptos-b3-c1d1,byzzfuzz,,,dstest,dstest/output/aptos-b3-c1d1/20260612_154936/aptos-b3-c1d1_byzzfuzz_36,False,False,False,2,0,0,0,11.0,0,15.163538,8.9792586,11,3,1.5555555555555556,9,2,0,15.163538,3,2
,,37,aptos-b3-c1d1,byzzfuzz,,,dstest,dstest/output/aptos-b3-c1d1/20260612_154936/aptos-b3-c1d1_byzzfuzz_37,False,False,False,4,0,0,0,10.0,31,13.134513,9.420586666666667,10,4,1.4444444444444444,9,2,0,13.134513,4,2
,,38,aptos-b3-c1d1,byzzfuzz,,,dstest,dstest/output/aptos-b3-c1d1/20260612_154936/aptos-b3-c1d1_byzzfuzz_38,False,False,False,2,0,0,0,9.0,12,18.140721,12.389734857142857,8,3,1.25,8,2,1,18.140721,3,2
,,39,aptos-b3-c1d1,byzzfuzz,,,dstest,dstest/output/aptos-b3-c1d1/20260612_154936/aptos-b3-c1d1_byzzfuzz_39,False,False,False,2,0,0,0,12.0,52,20.15803,11.478597875,9,3,1.7142857142857142,7,5,3,20.15803,3,5
,,40,aptos-b3-c1d1,byzzfuzz,,,dstest,dstest/output/aptos-b3-c1d1/20260612_154936/aptos-b3-c1d1_byzzfuzz_40,False,False,False,2,0,0,0,10.0,8,14.095366,10.640291555555557,10,2,1.1,10,1,0,14.095366,2,1
,,41,aptos-b3-c1d1,byzzfuzz,,,dstest,dstest/output/aptos-b3-c1d1/20260612_154936/aptos-b3-c1d1_byzzfuzz_41,False,False,False,4,0,0,0,10.0,9,24.162905,10.653503777777779,10,4,2.0,8,2,0,24.162905,4,2
,,42,aptos-b3-c1d1,byzzfuzz,,,dstest,dstest/output/aptos-b3-c1d1/20260612_154936/aptos-b3-c1d1_byzzfuzz_42,False,False,False,4,0,0,0,14.0,2,27.180778,12.199501444444444,10,4,2.0,8,5,4,27.180778,4,5
,,43,aptos-b3-c1d1,byzzfuzz,,,dstest,dstest/output/aptos-b3-c1d1/20260612_154936/aptos-b3-c1d1_byzzfuzz_43,False,False,False,2,0,0,0,10.0,6,11.150118,7.515626111111112,10,3,1.3333333333333333,9,2,0,11.150118,3,2
,,44,aptos-b3-c1d1,byzzfuzz,,,dstest,dstest/output/aptos-b3-c1d1/20260612_154936/aptos-b3-c1d1_byzzfuzz_44,False,False,False,2,0,0,0,9.0,14,15.118021,11.692801142857144,8,2,1.25,8,2,1,15.118021,2,2
,,45,aptos-b3-c1d1,byzzfuzz,,,dstest,dstest/output/aptos-b3-c1d1/20260612_154936/aptos-b3-c1d1_byzzfuzz_45,False,False,False,4,0,0,0,10.0,48,17.118986,9.859246555555554,10,3,1.4444444444444444,9,2,0,17.118986,3,2
,,46,aptos-b3-c1d1,byzzfuzz,,,dstest,dstest/output/aptos-b3-c1d1/20260612_154936/aptos-b3-c1d1_byzzfuzz_46,False,False,False,2,0,0,0,8.0,9,16.263294,10.673195857142856,8,4,1.5714285714285714,7,2,0,16.263294,4,2
,,47,aptos-b3-c1d1,byzzfuzz,,,dstest,dstest/output/aptos-b3-c1d1/20260612_154936/aptos-b3-c1d1_byzzfuzz_47,False,False,False,2,0,0,0,11.0,20,28.421059,12.26241857142857,8,4,2.0,6,5,3,28.421059,4,5
,,48,aptos-b3-c1d1,byzzfuzz,,,dstest,dstest/output/aptos-b3-c1d1/20260612_154936/aptos-b3-c1d1_byzzfuzz_48,False,False,False,2,0,0,0,10.0,75,15.097904,10.2348525,9,4,1.625,8,2,1,15.097904,4,2
,,49,aptos-b3-c1d1,byzzfuzz,,,dstest,dstest/output/aptos-b3-c1d1/20260612_154936/aptos-b3-c1d1_byzzfuzz_49,False,False,False,2,0,0,0,10.0,27,17.248848,10.538919222222223,10,3,1.5555555555555556,9,2,0,17.248848,3,2
,,50,aptos-b3-c1d1,byzzfuzz,,,dstest,dstest/output/aptos-b3-c1d1/20260612_154936/aptos-b3-c1d1_byzzfuzz_50,False,False,False,4,0,0,0,10.0,12,35.624859,11.571248888888888,10,4,1.4444444444444444,9,2,0,35.624859,4,2
,,51,aptos-b3-c1d1,byzzfuzz,,,dstest,dstest/output/aptos-b3-c1d1/20260612_154936/aptos-b3-c1d1_byzzfuzz_51,False,False,False,4,0,0,0,10.0,14,13.103137,8.417113444444444,10,3,1.4444444444444444,9,2,0,13.103137,3,2
,,52,aptos-b3-c1d1,byzzfuzz,,,dstest,dstest/output/aptos-b3-c1d1/20260612_154936/aptos-b3-c1d1_byzzfuzz_52,False,False,False,4,0,0,0,11.0,20,22.481483,10.424801222222221,10,5,2.125,8,2,1,22.481483,5,2
,,53,aptos-b3-c1d1,byzzfuzz,,,dstest,dstest/output/aptos-b3-c1d1/20260612_154936/aptos-b3-c1d1_byzzfuzz_53,False,False,False,4,0,0,0,11.0,17,20.185907,10.094386333333333,10,4,1.4444444444444444,9,3,1,20.185907,4,3
,,54,aptos-b3-c1d1,byzzfuzz,,,dstest,dstest/output/aptos-b3-c1d1/20260612_154936/aptos-b3-c1d1_byzzfuzz_54,False,False,False,4,0,0,0,11.0,15,17.045537,10.651941888888889,10,3,1.5555555555555556,9,2,1,17.045537,3,2
,,55,aptos-b3-c1d1,byzzfuzz,,,dstest,dstest/output/aptos-b3-c1d1/20260612_154936/aptos-b3-c1d1_byzzfuzz_55,False,False,False,4,0,0,0,10.0,12,16.074541,9.084710888888889,10,4,1.6666666666666667,9,2,0,16.074541,4,2
,,56,aptos-b3-c1d1,byzzfuzz,,,dstest,dstest/output/aptos-b3-c1d1/20260612_154936/aptos-b3-c1d1_byzzfuzz_56,False,False,False,2,0,0,0,11.0,0,19.394355,11.770964333333334,7,3,1.4285714285714286,7,4,4,19.394355,3,4
,,57,aptos-b3-c1d1,byzzfuzz,,,dstest,dstest/output/aptos-b3-c1d1/20260612_154936/aptos-b3-c1d1_byzzfuzz_57,False,False,False,4,0,0,0,10.0,11,14.101821,9.403279777777776,10,4,1.5555555555555556,9,2,0,14.101821,4,2
,,58,aptos-b3-c1d1,byzzfuzz,,,dstest,dstest/output/aptos-b3-c1d1/20260612_154936/aptos-b3-c1d1_byzzfuzz_58,False,False,False,2,0,0,0,10.0,7,14.081499,9.742495777777778,10,3,1.4444444444444444,9,2,0,14.081499,3,2
,,59,aptos-b3-c1d1,byzzfuzz,,,dstest,dstest/output/aptos-b3-c1d1/20260612_154936/aptos-b3-c1d1_byzzfuzz_59,False,False,False,4,0,0,0,11.0,26,19.145841,9.306008444444444,10,3,1.75,8,3,1,19.145841,3,3
,,60,aptos-b3-c1d1,byzzfuzz,,,dstest,dstest/output/aptos-b3-c1d1/20260612_154936/aptos-b3-c1d1_byzzfuzz_60,False,False,False,4,0,0,0,10.0,16,42.242022,13.208948111111111,10,6,1.875,8,3,0,42.242022,6,3
,,61,aptos-b3-c1d1,byzzfuzz,,,dstest,dstest/output/aptos-b3-c1d1/20260612_154936/aptos-b3-c1d1_byzzfuzz_61,False,False,False,4,0,0,0,10.0,0,18.150755,9.418655222222222,10,4,2.0,8,2,0,18.150755,4,2
,,62,aptos-b3-c1d1,byzzfuzz,,,dstest,dstest/output/aptos-b3-c1d1/20260612_154936/aptos-b3-c1d1_byzzfuzz_62,False,False,False,4,0,0,0,10.0,0,16.130594,10.087280375,9,3,1.375,8,2,1,16.130594,3,2
,,63,aptos-b3-c1d1,byzzfuzz,,,dstest,dstest/output/aptos-b3-c1d1/20260612_154936/aptos-b3-c1d1_byzzfuzz_63,False,False,False,4,0,0,0,10.0,0,13.125074,9.538798222222221,10,4,1.4444444444444444,9,2,0,13.125074,4,2
,,64,aptos-b3-c1d1,byzzfuzz,,,dstest,dstest/output/aptos-b3-c1d1/20260612_154936/aptos-b3-c1d1_byzzfuzz_64,False,False,False,4,0,0,0,15.0,6,53.419288,13.239852444444445,10,5,1.875,8,8,5,53.419288,5,8
,,65,aptos-b3-c1d1,byzzfuzz,,,dstest,dstest/output/aptos-b3-c1d1/20260612_154936/aptos-b3-c1d1_byzzfuzz_65,False,False,False,4,0,0,0,10.0,0,34.721874,12.931509333333333,10,4,1.4444444444444444,9,2,0,34.721874,4,2
,,66,aptos-b3-c1d1,byzzfuzz,,,dstest,dstest/output/aptos-b3-c1d1/20260612_154936/aptos-b3-c1d1_byzzfuzz_66,False,False,False,4,0,0,0,11.0,16,15.105865,7.259864299999999,11,4,1.7777777777777777,9,2,0,15.105865,4,2
,,67,aptos-b3-c1d1,byzzfuzz,,,dstest,dstest/output/aptos-b3-c1d1/20260612_154936/aptos-b3-c1d1_byzzfuzz_67,False,False,False,4,0,0,0,10.0,0,14.021372,10.332211375,9,4,1.625,8,2,1,14.021372,4,2
,,68,aptos-b3-c1d1,byzzfuzz,,,dstest,dstest/output/aptos-b3-c1d1/20260612_154936/aptos-b3-c1d1_byzzfuzz_68,False,False,False,4,0,0,0,10.0,14,25.213681,8.51511611111111,10,5,1.875,8,2,0,25.213681,5,2
,,69,aptos-b3-c1d1,byzzfuzz,,,dstest,dstest/output/aptos-b3-c1d1/20260612_154936/aptos-b3-c1d1_byzzfuzz_69,False,False,False,4,0,0,0,10.0,28,18.218974,10.514222222222223,10,4,1.4444444444444444,9,2,0,18.218974,4,2
,,70,aptos-b3-c1d1,byzzfuzz,,,dstest,dstest/output/aptos-b3-c1d1/20260612_154936/aptos-b3-c1d1_byzzfuzz_70,False,False,False,4,0,0,0,15.0,11,41.758626,15.5413095,9,3,1.5,8,6,6,41.758626,3,6
,,71,aptos-b3-c1d1,byzzfuzz,,,dstest,dstest/output/aptos-b3-c1d1/20260612_154936/aptos-b3-c1d1_byzzfuzz_71,False,False,False,4,0,0,0,10.0,9,11.927375,7.283749888888888,10,3,1.3333333333333333,9,2,0,11.927375,3,2
,,72,aptos-b3-c1d1,byzzfuzz,,,dstest,dstest/output/aptos-b3-c1d1/20260612_154936/aptos-b3-c1d1_byzzfuzz_72,False,False,False,2,0,0,0,10.0,32,16.114661,9.701699777777778,10,4,1.75,8,2,0,16.114661,4,2
,,73,aptos-b3-c1d1,byzzfuzz,,,dstest,dstest/output/aptos-b3-c1d1/20260612_154936/aptos-b3-c1d1_byzzfuzz_73,False,False,False,2,0,0,0,12.0,7,16.100073,11.760066333333333,7,2,1.2857142857142858,7,5,5,16.100073,2,5
,,74,aptos-b3-c1d1,byzzfuzz,,,dstest,dstest/output/aptos-b3-c1d1/20260612_154936/aptos-b3-c1d1_byzzfuzz_74,False,False,False,2,0,0,0,8.0,42,17.33597,12.263712857142858,8,3,1.375,8,1,0,17.33597,3,1
,,75,aptos-b3-c1d1,byzzfuzz,,,dstest,dstest/output/aptos-b3-c1d1/20260612_154936/aptos-b3-c1d1_byzzfuzz_75,False,False,False,4,0,0,0,10.0,37,14.104162,10.203216888888889,10,3,1.3333333333333333,9,2,0,14.104162,3,2
,,76,aptos-b3-c1d1,byzzfuzz,,,dstest,dstest/output/aptos-b3-c1d1/20260612_154936/aptos-b3-c1d1_byzzfuzz_76,False,False,False,2,0,0,0,10.0,13,15.089696,9.308504555555555,10,3,1.4444444444444444,9,2,0,15.089696,3,2
,,77,aptos-b3-c1d1,byzzfuzz,,,dstest,dstest/output/aptos-b3-c1d1/20260612_154936/aptos-b3-c1d1_byzzfuzz_77,False,False,False,2,0,0,0,9.0,13,17.38857,12.540180142857142,8,3,1.375,8,2,1,17.38857,3,2
,,78,aptos-b3-c1d1,byzzfuzz,,,dstest,dstest/output/aptos-b3-c1d1/20260612_154936/aptos-b3-c1d1_byzzfuzz_78,False,False,False,2,0,0,0,13.0,0,16.096465,11.962829142857142,8,3,1.7142857142857142,7,5,5,16.096465,3,5
,,79,aptos-b3-c1d1,byzzfuzz,,,dstest,dstest/output/aptos-b3-c1d1/20260612_154936/aptos-b3-c1d1_byzzfuzz_79,False,False,False,4,0,0,0,10.0,13,38.709896,10.79231188888889,10,5,2.0,8,2,0,38.709896,5,2
,,80,aptos-b3-c1d1,byzzfuzz,,,dstest,dstest/output/aptos-b3-c1d1/20260612_154936/aptos-b3-c1d1_byzzfuzz_80,False,False,False,4,0,0,0,10.0,0,16.074149,9.940712777777778,10,4,1.4444444444444444,9,2,0,16.074149,4,2
,,0,aptos-b3-c2d1,byzzfuzz,,,dstest,dstest/output/aptos-b3-c2d1/20260613_205556/aptos-b3-c2d1_byzzfuzz_0,False,False,False,4,0,0,0,10.0,0,18.01001,8.491404111111112,10,4,1.875,8,2,0,18.01001,4,2
,,1,aptos-b3-c2d1,byzzfuzz,,,dstest,dstest/output/aptos-b3-c2d1/20260613_205556/aptos-b3-c2d1_byzzfuzz_1,False,False,False,4,0,0,0,12.0,43,24.108089,10.624084333333334,10,3,1.4444444444444444,9,5,2,24.108089,3,5
,,2,aptos-b3-c2d1,byzzfuzz,,,dstest,dstest/output/aptos-b3-c2d1/20260613_205556/aptos-b3-c2d1_byzzfuzz_2,False,False,False,2,0,0,0,8.0,45,16.073176,12.259407857142858,8,3,1.375,8,1,0,16.073176,3,1
,,3,aptos-b3-c2d1,byzzfuzz,,,dstest,dstest/output/aptos-b3-c2d1/20260613_205556/aptos-b3-c2d1_byzzfuzz_3,False,False,False,2,0,0,0,10.0,12,10.107388,7.468856111111112,10,5,1.5555555555555556,9,2,0,10.107388,5,2
,,4,aptos-b3-c2d1,byzzfuzz,,,dstest,dstest/output/aptos-b3-c2d1/20260613_205556/aptos-b3-c2d1_byzzfuzz_4,False,False,False,2,0,0,0,10.0,15,18.28819,11.520864285714286,8,3,1.4285714285714286,7,2,2,18.28819,3,2
,,5,aptos-b3-c2d1,byzzfuzz,,,dstest,dstest/output/aptos-b3-c2d1/20260613_205556/aptos-b3-c2d1_byzzfuzz_5,False,False,False,4,0,0,0,11.0,34,18.204409,9.5570943,11,4,1.7777777777777777,9,2,0,18.204409,4,2
,,6,aptos-b3-c2d1,byzzfuzz,,,dstest,dstest/output/aptos-b3-c2d1/20260613_205556/aptos-b3-c2d1_byzzfuzz_6,False,False,False,4,0,0,0,10.0,0,15.174318,8.043805666666666,10,4,2.0,8,2,0,15.174318,4,2
,,7,aptos-b3-c2d1,byzzfuzz,,,dstest,dstest/output/aptos-b3-c2d1/20260613_205556/aptos-b3-c2d1_byzzfuzz_7,False,False,False,2,0,0,0,9.0,34,14.100264,11.454080625,9,2,1.1111111111111112,9,2,0,14.100264,2,2
,,8,aptos-b3-c2d1,byzzfuzz,,,dstest,dstest/output/aptos-b3-c2d1/20260613_205556/aptos-b3-c2d1_byzzfuzz_8,False,False,False,4,0,0,0,11.0,9,31.425773,11.4772152,11,5,2.25,8,2,0,31.425773,5,2
,,9,aptos-b3-c2d1,byzzfuzz,,,dstest,dstest/output/aptos-b3-c2d1/20260613_205556/aptos-b3-c2d1_byzzfuzz_9,False,False,False,4,0,0,0,14.0,6,26.134977,10.506256,10,3,1.4444444444444444,9,5,4,26.134977,3,5
,,10,aptos-b3-c2d1,byzzfuzz,,,dstest,dstest/output/aptos-b3-c2d1/20260613_205556/aptos-b3-c2d1_byzzfuzz_10,False,False,False,2,0,0,0,10.0,34,27.41084,5.355912777777778,10,4,2.0,8,6,0,27.41084,4,6
,,11,aptos-b3-c2d1,byzzfuzz,,,dstest,dstest/output/aptos-b3-c2d1/20260613_205556/aptos-b3-c2d1_byzzfuzz_11,False,False,False,4,0,0,0,11.0,0,13.123253,9.633432888888889,10,3,1.4444444444444444,9,2,1,13.123253,3,2
,,12,aptos-b3-c2d1,byzzfuzz,,,dstest,dstest/output/aptos-b3-c2d1/20260613_205556/aptos-b3-c2d1_byzzfuzz_12,False,False,False,4,0,0,0,18.0,0,46.480245,10.070127166666667,7,3,1.5,6,11,11,46.480245,3,11
,,13,aptos-b3-c2d1,byzzfuzz,,,dstest,dstest/output/aptos-b3-c2d1/20260613_205556/aptos-b3-c2d1_byzzfuzz_13,False,False,False,4,0,0,0,10.0,54,15.233452,9.495104444444443,10,4,1.4444444444444444,9,2,0,15.233452,4,2
,,14,aptos-b3-c2d1,byzzfuzz,,,dstest,dstest/output/aptos-b3-c2d1/20260613_205556/aptos-b3-c2d1_byzzfuzz_14,False,False,False,4,0,0,0,10.0,18,31.453155,11.533378777777777,10,3,1.3333333333333333,9,2,0,31.453155,3,2
,,15,aptos-b3-c2d1,byzzfuzz,,,dstest,dstest/output/aptos-b3-c2d1/20260613_205556/aptos-b3-c2d1_byzzfuzz_15,False,False,False,4,0,0,0,10.0,33,15.105794,12.08585042857143,8,3,1.375,8,2,2,15.105794,3,2
,,16,aptos-b3-c2d1,byzzfuzz,,,dstest,dstest/output/aptos-b3-c2d1/20260613_205556/aptos-b3-c2d1_byzzfuzz_16,False,False,False,4,0,0,0,10.0,0,47.742274,12.904698555555555,10,4,1.875,8,2,0,47.742274,4,2
,,17,aptos-b3-c2d1,byzzfuzz,,,dstest,dstest/output/aptos-b3-c2d1/20260613_205556/aptos-b3-c2d1_byzzfuzz_17,False,False,False,2,0,0,0,8.0,7,17.273814,12.375630428571428,8,3,1.375,8,1,0,17.273814,3,1
,,18,aptos-b3-c2d1,byzzfuzz,,,dstest,dstest/output/aptos-b3-c2d1/20260613_205556/aptos-b3-c2d1_byzzfuzz_18,False,False,False,2,0,0,0,10.0,4,29.429301,11.094491,10,5,1.875,8,2,0,29.429301,5,2
,,19,aptos-b3-c2d1,byzzfuzz,,,dstest,dstest/output/aptos-b3-c2d1/20260613_205556/aptos-b3-c2d1_byzzfuzz_19,False,False,False,4,0,0,0,15.0,4,15.06384,11.774685428571429,8,3,1.4285714285714286,7,7,7,15.06384,3,7
,,20,aptos-b3-c2d1,byzzfuzz,,,dstest,dstest/output/aptos-b3-c2d1/20260613_205556/aptos-b3-c2d1_byzzfuzz_20,False,False,False,4,0,0,0,11.0,29,15.171622,8.0524226,11,3,1.5555555555555556,9,2,0,15.171622,3,2
,,21,aptos-b3-c2d1,byzzfuzz,,,dstest,dstest/output/aptos-b3-c2d1/20260613_205556/aptos-b3-c2d1_byzzfuzz_21,False,False,False,4,0,0,0,11.0,18,19.095891,9.851385444444444,10,3,1.4444444444444444,9,3,1,19.095891,3,3
,,22,aptos-b3-c2d1,byzzfuzz,,,dstest,dstest/output/aptos-b3-c2d1/20260613_205556/aptos-b3-c2d1_byzzfuzz_22,False,False,False,4,0,0,1,10.0,30,60.896568,16.45941242857143,8,6,1.8571428571428572,7,2,2,60.896568,6,2
,,23,aptos-b3-c2d1,byzzfuzz,,,dstest,dstest/output/aptos-b3-c2d1/20260613_205556/aptos-b3-c2d1_byzzfuzz_23,False,False,False,2,0,0,0,10.0,44,19.32876,10.521837777777778,10,4,1.6666666666666667,9,2,0,19.32876,4,2
,,24,aptos-b3-c2d1,byzzfuzz,,,dstest,dstest/output/aptos-b3-c2d1/20260613_205556/aptos-b3-c2d1_byzzfuzz_24,False,False,False,4,0,0,0,11.0,53,14.058497,9.27712211111111,10,3,1.5555555555555556,9,2,1,14.058497,3,2
,,25,aptos-b3-c2d1,byzzfuzz,,,dstest,dstest/output/aptos-b3-c2d1/20260613_205556/aptos-b3-c2d1_byzzfuzz_25,False,False,False,2,0,0,0,10.0,25,39.488286,12.214699111111111,10,4,1.7777777777777777,9,2,0,39.488286,4,2
,,26,aptos-b3-c2d1,byzzfuzz,,,dstest,dstest/output/aptos-b3-c2d1/20260613_205556/aptos-b3-c2d1_byzzfuzz_26,False,False,False,0,0,0,0,13.0,12,37.628278,3.9698269090909095,12,3,1.5,10,12,1,37.628278,3,12
,,27,aptos-b3-c2d1,byzzfuzz,,,dstest,dstest/output/aptos-b3-c2d1/20260613_205556/aptos-b3-c2d1_byzzfuzz_27,False,False,False,2,0,0,0,8.0,84,15.247326,10.306831166666667,7,3,1.4285714285714286,7,2,1,15.247326,3,2
,,28,aptos-b3-c2d1,byzzfuzz,,,dstest,dstest/output/aptos-b3-c2d1/20260613_205556/aptos-b3-c2d1_byzzfuzz_28,False,False,False,4,0,0,0,10.0,37,14.121027,7.4993042222222215,10,3,1.75,8,2,0,14.121027,3,2
,,29,aptos-b3-c2d1,byzzfuzz,,,dstest,dstest/output/aptos-b3-c2d1/20260613_205556/aptos-b3-c2d1_byzzfuzz_29,False,False,False,4,0,0,0,10.0,79,18.078985,8.837663222222222,10,4,1.875,8,2,0,18.078985,4,2
,,30,aptos-b3-c2d1,byzzfuzz,,,dstest,dstest/output/aptos-b3-c2d1/20260613_205556/aptos-b3-c2d1_byzzfuzz_30,False,False,False,4,0,0,0,10.0,26,34.339403,13.426731888888888,10,4,1.4444444444444444,9,2,0,34.339403,4,2
,,31,aptos-b3-c2d1,byzzfuzz,,,dstest,dstest/output/aptos-b3-c2d1/20260613_205556/aptos-b3-c2d1_byzzfuzz_31,False,False,False,4,0,0,0,9.0,13,19.252315,11.078337142857142,8,4,1.8571428571428572,7,2,1,19.252315,4,2
,,32,aptos-b3-c2d1,byzzfuzz,,,dstest,dstest/output/aptos-b3-c2d1/20260613_205556/aptos-b3-c2d1_byzzfuzz_32,False,False,False,4,0,0,0,11.0,24,28.288836,9.4601488,11,4,2.0,8,2,0,28.288836,4,2
,,33,aptos-b3-c2d1,byzzfuzz,,,dstest,dstest/output/aptos-b3-c2d1/20260613_205556/aptos-b3-c2d1_byzzfuzz_33,False,False,False,4,0,0,0,11.0,5,11.044197,6.5457858,11,4,1.8888888888888888,9,2,0,11.044197,4,2
,,34,aptos-b3-c2d1,byzzfuzz,,,dstest,dstest/output/aptos-b3-c2d1/20260613_205556/aptos-b3-c2d1_byzzfuzz_34,False,False,False,4,0,0,0,10.0,19,14.117196,9.715108888888889,10,3,1.4444444444444444,9,2,0,14.117196,3,2
,,35,aptos-b3-c2d1,byzzfuzz,,,dstest,dstest/output/aptos-b3-c2d1/20260613_205556/aptos-b3-c2d1_byzzfuzz_35,False,False,False,4,0,0,0,10.0,4,18.155301,9.767449142857144,8,3,1.5714285714285714,7,3,2,18.155301,3,3
,,36,aptos-b3-c2d1,byzzfuzz,,,dstest,dstest/output/aptos-b3-c2d1/20260613_205556/aptos-b3-c2d1_byzzfuzz_36,False,False,False,4,0,0,0,13.0,12,23.651487,11.000069875,9,3,1.625,8,4,4,23.651487,3,4
,,37,aptos-b3-c2d1,byzzfuzz,,,dstest,dstest/output/aptos-b3-c2d1/20260613_205556/aptos-b3-c2d1_byzzfuzz_37,False,False,False,4,0,0,0,10.0,6,17.101271,8.389285333333333,10,4,1.75,8,3,0,17.101271,4,3
,,38,aptos-b3-c2d1,byzzfuzz,,,dstest,dstest/output/aptos-b3-c2d1/20260613_205556/aptos-b3-c2d1_byzzfuzz_38,False,False,False,4,0,0,0,11.0,38,18.057101,7.917819333333333,10,3,1.75,8,2,1,18.057101,3,2
,,39,aptos-b3-c2d1,byzzfuzz,,,dstest,dstest/output/aptos-b3-c2d1/20260613_205556/aptos-b3-c2d1_byzzfuzz_39,False,False,False,4,0,0,0,14.0,8,23.090304,11.5877605,9,3,1.375,8,6,5,23.090304,3,6
,,40,aptos-b3-c2d1,byzzfuzz,,,dstest,dstest/output/aptos-b3-c2d1/20260613_205556/aptos-b3-c2d1_byzzfuzz_40,False,False,False,4,0,0,0,10.0,0,15.061598,10.277746666666665,10,4,1.5555555555555556,9,2,0,15.061598,4,2
,,41,aptos-b3-c2d1,byzzfuzz,,,dstest,dstest/output/aptos-b3-c2d1/20260613_205556/aptos-b3-c2d1_byzzfuzz_41,False,False,False,4,0,0,0,11.0,0,19.134344,8.4517863,11,4,1.6666666666666667,9,2,0,19.134344,4,2
,,42,aptos-b3-c2d1,byzzfuzz,,,dstest,dstest/output/aptos-b3-c2d1/20260613_205556/aptos-b3-c2d1_byzzfuzz_42,False,False,False,4,0,0,0,10.0,9,19.091124,10.07908488888889,10,4,2.2857142857142856,7,2,0,19.091124,4,2
,,43,aptos-b3-c2d1,byzzfuzz,,,dstest,dstest/output/aptos-b3-c2d1/20260613_205556/aptos-b3-c2d1_byzzfuzz_43,False,False,False,4,0,0,0,12.0,17,38.539806,12.0996975,11,4,1.8888888888888888,9,3,1,38.539806,4,3
,,44,aptos-b3-c2d1,byzzfuzz,,,dstest,dstest/output/aptos-b3-c2d1/20260613_205556/aptos-b3-c2d1_byzzfuzz_44,False,False,False,4,0,0,0,11.0,89,22.127471,9.6878475,9,3,1.375,8,4,2,22.127471,3,4
,,45,aptos-b3-c2d1,byzzfuzz,,,dstest,dstest/output/aptos-b3-c2d1/20260613_205556/aptos-b3-c2d1_byzzfuzz_45,False,False,False,4,0,0,0,10.0,74,19.127357,10.395561777777779,10,4,1.4444444444444444,9,2,0,19.127357,4,2
,,46,aptos-b3-c2d1,byzzfuzz,,,dstest,dstest/output/aptos-b3-c2d1/20260613_205556/aptos-b3-c2d1_byzzfuzz_46,False,False,False,4,0,0,0,11.0,0,35.421967,13.431037222222223,10,4,1.4444444444444444,9,2,1,35.421967,4,2
,,47,aptos-b3-c2d1,byzzfuzz,,,dstest,dstest/output/aptos-b3-c2d1/20260613_205556/aptos-b3-c2d1_byzzfuzz_47,False,False,False,2,0,0,0,10.0,0,29.388626,7.6220405555555555,10,3,1.625,8,5,0,29.388626,3,5
,,48,aptos-b3-c2d1,byzzfuzz,,,dstest,dstest/output/aptos-b3-c2d1/20260613_205556/aptos-b3-c2d1_byzzfuzz_48,False,False,False,4,0,0,0,14.0,46,17.09767,10.31707675,9,3,1.7142857142857142,7,5,5,17.09767,3,5
,,49,aptos-b3-c2d1,byzzfuzz,,,dstest,dstest/output/aptos-b3-c2d1/20260613_205556/aptos-b3-c2d1_byzzfuzz_49,False,False,False,2,0,0,0,11.0,0,37.488597,13.441093666666667,10,4,1.4444444444444444,9,2,1,37.488597,4,2
,,50,aptos-b3-c2d1,byzzfuzz,,,dstest,dstest/output/aptos-b3-c2d1/20260613_205556/aptos-b3-c2d1_byzzfuzz_50,False,False,False,4,0,0,0,16.0,0,34.193947,10.2639607,11,3,1.5555555555555556,9,8,5,34.193947,3,8
,,51,aptos-b3-c2d1,byzzfuzz,,,dstest,dstest/output/aptos-b3-c2d1/20260613_205556/aptos-b3-c2d1_byzzfuzz_51,False,False,False,4,0,0,0,10.0,3,14.082761,8.492571777777776,10,4,1.875,8,2,0,14.082761,4,2
,,52,aptos-b3-c2d1,byzzfuzz,,,dstest,dstest/output/aptos-b3-c2d1/20260613_205556/aptos-b3-c2d1_byzzfuzz_52,False,False,False,4,0,0,0,10.0,11,20.087841,9.376059777777778,10,4,1.75,8,2,0,20.087841,4,2
,,53,aptos-b3-c2d1,byzzfuzz,,,dstest,dstest/output/aptos-b3-c2d1/20260613_205556/aptos-b3-c2d1_byzzfuzz_53,False,False,False,4,0,0,0,11.0,0,18.091958,9.315567333333334,10,4,1.875,8,3,1,18.091958,4,3
,,54,aptos-b3-c2d1,byzzfuzz,,,dstest,dstest/output/aptos-b3-c2d1/20260613_205556/aptos-b3-c2d1_byzzfuzz_54,False,False,False,4,0,0,0,10.0,18,14.127655,10.196292222222223,10,3,1.4444444444444444,9,2,0,14.127655,3,2
,,55,aptos-b3-c2d1,byzzfuzz,,,dstest,dstest/output/aptos-b3-c2d1/20260613_205556/aptos-b3-c2d1_byzzfuzz_55,False,False,False,4,0,0,0,14.0,52,20.128703,10.442528750000001,9,3,1.5,8,5,5,20.128703,3,5
,,56,aptos-b3-c2d1,byzzfuzz,,,dstest,dstest/output/aptos-b3-c2d1/20260613_205556/aptos-b3-c2d1_byzzfuzz_56,False,False,False,2,0,0,0,10.0,28,30.407486,9.743903666666666,10,4,1.875,8,2,0,30.407486,4,2
,,57,aptos-b3-c2d1,byzzfuzz,,,dstest,dstest/output/aptos-b3-c2d1/20260613_205556/aptos-b3-c2d1_byzzfuzz_57,False,False,False,4,0,0,0,11.0,0,55.907939,15.159958625,9,7,2.0,7,3,2,55.907939,7,3
,,58,aptos-b3-c2d1,byzzfuzz,,,dstest,dstest/output/aptos-b3-c2d1/20260613_205556/aptos-b3-c2d1_byzzfuzz_58,False,False,False,4,0,0,0,10.0,33,11.885026,7.240405666666667,10,3,1.875,8,2,0,11.885026,3,2
,,59,aptos-b3-c2d1,byzzfuzz,,,dstest,dstest/output/aptos-b3-c2d1/20260613_205556/aptos-b3-c2d1_byzzfuzz_59,False,False,False,4,0,0,0,11.0,17,17.093134,7.747308800000001,11,4,1.7777777777777777,9,2,0,17.093134,4,2
,,60,aptos-b3-c2d1,byzzfuzz,,,dstest,dstest/output/aptos-b3-c2d1/20260613_205556/aptos-b3-c2d1_byzzfuzz_60,False,False,False,4,0,0,0,12.0,20,22.142161,10.295051777777779,10,3,2.0,7,4,2,22.142161,3,4
,,61,aptos-b3-c2d1,byzzfuzz,,,dstest,dstest/output/aptos-b3-c2d1/20260613_205556/aptos-b3-c2d1_byzzfuzz_61,False,False,False,2,0,0,0,10.0,32,14.111091,9.937617875,9,3,1.5,8,2,1,14.111091,3,2
,,62,aptos-b3-c2d1,byzzfuzz,,,dstest,dstest/output/aptos-b3-c2d1/20260613_205556/aptos-b3-c2d1_byzzfuzz_62,False,False,False,4,0,0,0,10.0,0,19.112896,8.15387611111111,10,4,1.875,8,2,0,19.112896,4,2
,,63,aptos-b3-c2d1,byzzfuzz,,,dstest,dstest/output/aptos-b3-c2d1/20260613_205556/aptos-b3-c2d1_byzzfuzz_63,False,False,False,2,0,0,0,10.0,18,15.088369,8.275809555555556,10,3,1.3333333333333333,9,2,0,15.088369,3,2
,,64,aptos-b3-c2d1,byzzfuzz,,,dstest,dstest/output/aptos-b3-c2d1/20260613_205556/aptos-b3-c2d1_byzzfuzz_64,False,False,False,4,0,0,0,10.0,41,20.07998,8.825109555555555,10,4,1.75,8,2,0,20.07998,4,2
,,65,aptos-b3-c2d1,byzzfuzz,,,dstest,dstest/output/aptos-b3-c2d1/20260613_205556/aptos-b3-c2d1_byzzfuzz_65,False,False,False,4,0,0,0,11.0,25,18.137333,8.855571600000001,11,3,1.7777777777777777,9,2,0,18.137333,3,2
,,66,aptos-b3-c2d1,byzzfuzz,,,dstest,dstest/output/aptos-b3-c2d1/20260613_205556/aptos-b3-c2d1_byzzfuzz_66,False,False,False,4,0,0,0,10.0,2,19.003167,8.944173222222222,10,4,1.875,8,2,0,19.003167,4,2
,,67,aptos-b3-c2d1,byzzfuzz,,,dstest,dstest/output/aptos-b3-c2d1/20260613_205556/aptos-b3-c2d1_byzzfuzz_67,False,False,False,0,0,0,0,8.0,34,21.082004,12.227469428571428,8,4,1.5714285714285714,7,2,0,21.082004,4,2
,,68,aptos-b3-c2d1,byzzfuzz,,,dstest,dstest/output/aptos-b3-c2d1/20260613_205556/aptos-b3-c2d1_byzzfuzz_68,False,False,False,4,0,0,0,10.0,4,12.135211,6.80847011111111,10,3,1.75,8,2,0,12.135211,3,2
,,69,aptos-b3-c2d1,byzzfuzz,,,dstest,dstest/output/aptos-b3-c2d1/20260613_205556/aptos-b3-c2d1_byzzfuzz_69,False,False,False,4,0,0,0,10.0,9,39.445749,11.866358222222223,10,4,1.6666666666666667,9,2,0,39.445749,4,2
,,70,aptos-b3-c2d1,byzzfuzz,,,dstest,dstest/output/aptos-b3-c2d1/20260613_205556/aptos-b3-c2d1_byzzfuzz_70,False,False,False,2,0,0,0,10.0,9,12.172283,6.819028777777778,10,3,1.3333333333333333,9,2,0,12.172283,3,2
,,71,aptos-b3-c2d1,byzzfuzz,,,dstest,dstest/output/aptos-b3-c2d1/20260613_205556/aptos-b3-c2d1_byzzfuzz_71,False,False,False,4,0,0,0,10.0,18,17.079427,8.832249888888889,10,3,1.3333333333333333,9,2,0,17.079427,3,2
,,72,aptos-b3-c2d1,byzzfuzz,,,dstest,dstest/output/aptos-b3-c2d1/20260613_205556/aptos-b3-c2d1_byzzfuzz_72,False,False,False,2,0,0,0,11.0,0,19.11974,9.4784346,11,4,1.6666666666666667,9,2,0,19.11974,4,2
,,73,aptos-b3-c2d1,byzzfuzz,,,dstest,dstest/output/aptos-b3-c2d1/20260613_205556/aptos-b3-c2d1_byzzfuzz_73,False,False,False,4,0,0,0,11.0,0,16.065739,8.945902,11,4,1.6666666666666667,9,2,0,16.065739,4,2
,,74,aptos-b3-c2d1,byzzfuzz,,,dstest,dstest/output/aptos-b3-c2d1/20260613_205556/aptos-b3-c2d1_byzzfuzz_74,False,False,False,4,0,0,0,11.0,6,17.226094,8.1486342,11,4,1.8888888888888888,9,2,0,17.226094,4,2
,,75,aptos-b3-c2d1,byzzfuzz,,,dstest,dstest/output/aptos-b3-c2d1/20260613_205556/aptos-b3-c2d1_byzzfuzz_75,False,False,False,4,0,0,0,10.0,62,19.13018,10.172895444444444,10,3,1.3333333333333333,9,3,0,19.13018,3,3
,,76,aptos-b3-c2d1,byzzfuzz,,,dstest,dstest/output/aptos-b3-c2d1/20260613_205556/aptos-b3-c2d1_byzzfuzz_76,False,False,False,2,0,0,0,10.0,10,12.655183,8.220349333333333,10,3,1.3333333333333333,9,2,0,12.655183,3,2
,,77,aptos-b3-c2d1,byzzfuzz,,,dstest,dstest/output/aptos-b3-c2d1/20260613_205556/aptos-b3-c2d1_byzzfuzz_77,False,False,False,2,0,0,0,10.0,7,34.117846,13.405505666666667,10,4,1.4444444444444444,9,2,0,34.117846,4,2
,,78,aptos-b3-c2d1,byzzfuzz,,,dstest,dstest/output/aptos-b3-c2d1/20260613_205556/aptos-b3-c2d1_byzzfuzz_78,False,False,False,4,0,0,0,13.0,8,33.195637,10.399669166666667,7,3,1.5,6,6,6,33.195637,3,6
,,79,aptos-b3-c2d1,byzzfuzz,,,dstest,dstest/output/aptos-b3-c2d1/20260613_205556/aptos-b3-c2d1_byzzfuzz_79,False,False,False,2,0,0,0,8.0,0,13.000029,11.088104571428572,8,2,1.125,8,1,0,13.000029,2,1
,,80,aptos-b3-c2d1,byzzfuzz,,,dstest,dstest/output/aptos-b3-c2d1/20260613_205556/aptos-b3-c2d1_byzzfuzz_80,False,False,False,4,0,0,0,14.0,13,18.060402,10.474154625,9,3,1.375,8,5,5,18.060402,3,5
,,81,aptos-b3-c2d1,byzzfuzz,,,dstest,dstest/output/aptos-b3-c2d1/20260613_205556/aptos-b3-c2d1_byzzfuzz_81,False,False,False,4,0,0,0,11.0,59,17.10285,9.46410411111111,10,4,1.875,8,3,1,17.10285,4,3
,,82,aptos-b3-c2d1,byzzfuzz,,,dstest,dstest/output/aptos-b3-c2d1/20260613_205556/aptos-b3-c2d1_byzzfuzz_82,False,False,False,4,0,0,0,11.0,7,16.430518,7.1654286,11,3,1.7777777777777777,9,2,0,16.430518,3,2
,,83,aptos-b3-c2d1,byzzfuzz,,,dstest,dstest/output/aptos-b3-c2d1/20260613_205556/aptos-b3-c2d1_byzzfuzz_83,False,False,False,4,0,0,0,12.0,41,19.099883,11.412773,10,3,1.5555555555555556,9,3,2,19.099883,3,3
,,84,aptos-b3-c2d1,byzzfuzz,,,dstest,dstest/output/aptos-b3-c2d1/20260613_205556/aptos-b3-c2d1_byzzfuzz_84,False,False,False,4,0,0,0,10.0,22,17.002479,9.595977444444445,10,5,1.875,8,2,0,17.002479,5,2
,,85,aptos-b3-c2d1,byzzfuzz,,,dstest,dstest/output/aptos-b3-c2d1/20260613_205556/aptos-b3-c2d1_byzzfuzz_85,False,False,False,2,0,0,0,10.0,14,20.299805,7.2792462222222225,10,3,1.4444444444444444,9,3,0,20.299805,3,3
,,86,aptos-b3-c2d1,byzzfuzz,,,dstest,dstest/output/aptos-b3-c2d1/20260613_205556/aptos-b3-c2d1_byzzfuzz_86,False,False,False,4,0,0,0,11.0,5,36.564932,12.22070188888889,10,4,1.6666666666666667,9,2,1,36.564932,4,2
,,87,aptos-b3-c2d1,byzzfuzz,,,dstest,dstest/output/aptos-b3-c2d1/20260613_205556/aptos-b3-c2d1_byzzfuzz_87,False,False,False,4,0,0,0,12.0,0,20.140548,8.731329222222222,10,3,1.75,8,4,2,20.140548,3,4
,,88,aptos-b3-c2d1,byzzfuzz,,,dstest,dstest/output/aptos-b3-c2d1/20260613_205556/aptos-b3-c2d1_byzzfuzz_88,False,False,False,4,0,0,0,11.0,20,17.091026,9.824976222222222,10,3,1.3333333333333333,9,3,1,17.091026,3,3
,,89,aptos-b3-c2d1,byzzfuzz,,,dstest,dstest/output/aptos-b3-c2d1/20260613_205556/aptos-b3-c2d1_byzzfuzz_89,False,False,False,4,0,0,0,10.0,10,17.086005,7.154953,10,3,1.625,8,3,0,17.086005,3,3
,,90,aptos-b3-c2d1,byzzfuzz,,,dstest,dstest/output/aptos-b3-c2d1/20260613_205556/aptos-b3-c2d1_byzzfuzz_90,False,False,False,4,0,0,0,10.0,44,44.721653,13.353294777777778,10,4,1.875,8,2,0,44.721653,4,2
,,91,aptos-b3-c2d1,byzzfuzz,,,dstest,dstest/output/aptos-b3-c2d1/20260613_205556/aptos-b3-c2d1_byzzfuzz_91,False,False,False,4,0,0,0,10.0,23,18.025867,10.640027857142858,8,4,1.7142857142857142,7,2,2,18.025867,4,2
,,92,aptos-b3-c2d1,byzzfuzz,,,dstest,dstest/output/aptos-b3-c2d1/20260613_205556/aptos-b3-c2d1_byzzfuzz_92,False,False,False,2,0,0,0,10.0,16,27.716663,8.268172777777778,10,3,1.3333333333333333,9,5,0,27.716663,3,5
,,93,aptos-b3-c2d1,byzzfuzz,,,dstest,dstest/output/aptos-b3-c2d1/20260613_205556/aptos-b3-c2d1_byzzfuzz_93,False,False,False,4,0,0,0,11.0,16,17.182149,9.1570731,11,4,1.8888888888888888,9,2,0,17.182149,4,2
,,94,aptos-b3-c2d1,byzzfuzz,,,dstest,dstest/output/aptos-b3-c2d1/20260613_205556/aptos-b3-c2d1_byzzfuzz_94,False,False,False,2,0,0,0,8.0,39,15.084876,11.358566999999999,8,2,1.125,8,1,0,15.084876,2,1
,,95,aptos-b3-c2d1,byzzfuzz,,,dstest,dstest/output/aptos-b3-c2d1/20260613_205556/aptos-b3-c2d1_byzzfuzz_95,False,False,False,4,0,0,0,11.0,8,17.096457,8.1628494,11,4,1.6666666666666667,9,2,0,17.096457,4,2
,,96,aptos-b3-c2d1,byzzfuzz,,,dstest,dstest/output/aptos-b3-c2d1/20260613_205556/aptos-b3-c2d1_byzzfuzz_96,False,False,False,4,0,0,0,10.0,16,14.079879,9.269397444444444,10,2,1.2,10,2,0,14.079879,2,2
,,97,aptos-b3-c2d1,byzzfuzz,,,dstest,dstest/output/aptos-b3-c2d1/20260613_205556/aptos-b3-c2d1_byzzfuzz_97,False,False,False,2,0,0,0,10.0,22,9.09061,6.147972111111112,10,3,1.3333333333333333,9,2,0,9.09061,3,2
,,98,aptos-b3-c2d1,byzzfuzz,,,dstest,dstest/output/aptos-b3-c2d1/20260613_205556/aptos-b3-c2d1_byzzfuzz_98,False,False,False,4,0,0,0,10.0,11,19.059873,8.269939555555556,10,4,1.75,8,3,0,19.059873,4,3
,,99,aptos-b3-c2d1,byzzfuzz,,,dstest,dstest/output/aptos-b3-c2d1/20260613_205556/aptos-b3-c2d1_byzzfuzz_99,False,False,False,4,0,0,0,11.0,45,16.067514,11.670037285714285,8,2,1.25,8,3,3,16.067514,2,3
